0x13Bae7E5183572115b177cF53141D452709d8463,501
0x13Bae7E5183572115b177cF53141D452709d8463,502
0x13Bae7E5183572115b177cF53141D452709d8463,503
0x13Bae7E5183572115b177cF53141D452709d8463,504
0x13Bae7E5183572115b177cF53141D452709d8463,505
0x13Bae7E5183572115b177cF53141D452709d8463,506
0x13Bae7E5183572115b177cF53141D452709d8463,507
0x13Bae7E5183572115b177cF53141D452709d8463,508
0x13Bae7E5183572115b177cF53141D452709d8463,509
0x13Bae7E5183572115b177cF53141D452709d8463,510
0x13Bae7E5183572115b177cF53141D452709d8463,511
0x13Bae7E5183572115b177cF53141D452709d8463,512
0x13Bae7E5183572115b177cF53141D452709d8463,513
0x13Bae7E5183572115b177cF53141D452709d8463,514
0x13Bae7E5183572115b177cF53141D452709d8463,515
0x13Bae7E5183572115b177cF53141D452709d8463,516
0x13Bae7E5183572115b177cF53141D452709d8463,517
0x13Bae7E5183572115b177cF53141D452709d8463,518
0x13Bae7E5183572115b177cF53141D452709d8463,519
0x13Bae7E5183572115b177cF53141D452709d8463,520
0x13Bae7E5183572115b177cF53141D452709d8463,521
0x13Bae7E5183572115b177cF53141D452709d8463,522
0x13Bae7E5183572115b177cF53141D452709d8463,523
